"alt","caption","commentsCount","dimensionsHeight","dimensionsWidth","displayUrl","firstComment","fullName","hashtags/0","hashtags/1","hashtags/2","hashtags/3","hashtags/4","hashtags/5","hashtags/6","hashtags/7","hashtags/8","hashtags/9","hashtags/10","hashtags/11","hashtags/12","hashtags/13","hashtags/14","hashtags/15","hashtags/16","hashtags/17","hashtags/18","hashtags/19","hashtags/20","hashtags/21","hashtags/22","hashtags/23","hashtags/24","hashtags/25","hashtags/26","hashtags/27","hashtags/28","hashtags/29","id","likesCount","locationId","locationName","mentions/0","mentions/1","mentions/2","mentions/3","mentions/4","mentions/5","ownerFullName","ownerId","ownerUsername","position","productType","queryTag","shortCode","timestamp","type","url","videoViewCount"
"Photo by Doceria 3K's in Cidade Tabajara. May be an image of dessert.","Vem adoçar sua tarde...😋💛

#doceria3ks #brownie #brownienopote  #chocolate #docesolindape #tabajara #fragoso #olinda","0","1350","1080","https://scontent-waw1-1.cdninstagram.com/v/t51.2885-15/274790059_3054454468111386_8818610025778607532_n.webp?stp=dst-jpg_e35&_nc_ht=scontent-waw1-1.cdninstagram.com&_nc_cat=106&_nc_ohc=hxewzkoTVgQAX_wI56i&edm=ABZsPhsBAAAA&ccb=7-4&oh=00_AT_wk4Tm7pVOf1Pjzs-sag6lxGh1qU9v_LsK8TYVZavQvQ&oe=622315AF&_nc_sid=4efc9f","","owner didnt open","doceria3ks","brownie","brownienopote","chocolate","docesolindape","tabajara","fragoso","olinda",,,,,,,,,,,,,,,,,,,,,,,"2783020255549114413","3",,,,,,,,,,"48000313830",,"1",,"brownienopote","CafRi1muMgt","2022-02-27T17:11:29.000Z","Image","https://www.instagram.com/p/CafRi1muMgt/",
"Photo by Doceria em Olinda Nova - MA on February 27, 2022. May be an image of dessert.","Quem ainda não provou correee pra provar o nosso cookie tradicional, feito com a massa de baunilha e gotas de chocolate 🍫 
.
.
.
#cookierecheado #cookies #cookiedecorating #brownierecheado #brownienopote #brownie #doceriagourmet #docesgourmet #docespersonalizados #docecapricho","0","1350","1080","https://scontent-waw1-1.cdninstagram.com/v/t51.2885-15/274805961_666580377720233_7423899993499104162_n.webp?stp=dst-jpg_e35&_nc_ht=scontent-waw1-1.cdninstagram.com&_nc_cat=105&_nc_ohc=-LFSccFCJK4AX_vZDMt&edm=ABZsPhsBAAAA&ccb=7-4&oh=00_AT9xLg0zAivENSYfsS0mwRIkghSm0mQMAVRClUkH5Nukrg&oe=62238959&_nc_sid=4efc9f","","owner didnt open","cookierecheado","cookies","cookiedecorating","brownierecheado","brownienopote","brownie","doceriagourmet","docesgourmet","docespersonalizados","docecapricho",,,,,,,,,,,,,,,,,,,,,"2782983096213697861","3",,,,,,,,,,"48394354274",,"2",,"brownienopote","CafJGGRu_VF","2022-02-27T15:57:39.000Z","Sidecar","https://www.instagram.com/p/CafJGGRu_VF/",
"Photo by Cris Doces Artesanais on February 27, 2022. May be an image of cake, cosmetics and text that says 'Parabéns Estilo Cris'.","💅💆🧡

Topper: @ddocelembranca

#crisdocesartesanais #doces #chocolate #brigadeiro #cupcake #brownierecheado #conesrecheados #brownienopote #pudim #pudding #empadao #amor #dedicacao #carinho #compromissocomvocê #coracaotrufado #conetrufado #brigadeirosgourmet #tortadelimao #tortadoce #aniversario #tortanakedcake #taçadafelicidade #caixaexplosao #doces #casamento #comemoração #flores #2022","1","1349","1080","https://scontent-waw1-1.cdninstagram.com/v/t51.2885-15/274733595_683413596147450_8775063084038269422_n.webp?stp=dst-jpg_e35&_nc_ht=scontent-waw1-1.cdninstagram.com&_nc_cat=106&_nc_ohc=7wF7hGDCahsAX92rBny&edm=ABZsPhsBAAAA&ccb=7-4&oh=00_AT8WntN-ESWm4TEBf7YguojFS5Pb2En6D8r1R_oCnQqaLw&oe=6222DF4F&_nc_sid=4efc9f","","owner didnt open","crisdocesartesanais","doces","chocolate","brigadeiro","cupcake","brownierecheado","conesrecheados","brownienopote","pudim","pudding","empadao","amor","dedicacao","carinho","compromissocomvocê","coracaotrufado","conetrufado","brigadeirosgourmet","tortadelimao","tortadoce","aniversario","tortanakedcake","taçadafelicidade","caixaexplosao","casamento","comemoração","flores","2022",,,"2782972779751729286","10",,,"ddocelembranca",,,,,,,"33219177665",,"3",,"brownienopote","CafGv-UruiG","2022-02-27T15:37:09.000Z","Sidecar","https://www.instagram.com/p/CafGv-UruiG/",
"Photo by 🧁Madison Makes🧁 on February 27, 2022. May be an image of dessert.","🌸30th Birthday Biscuits🌸

A main biscuit and a bitesize one! What could be more perfect!

Flamingo Embooser- @house_of_toot_sweet

#biscuits #30thbirthday #30thbirthdaybiscuits #cake #flowers #flamingo #hearts #treatyourself #sweetssweets #kent #businessowner #cakemaker #mum #instafood #medway  #brownies #cheesecake #cupcakes #personalised","0","1080","1080","https://instagram.ftgu2-2.fna.fbcdn.net/v/t51.2885-15/274744564_468189604997598_5197238955763007322_n.webp?stp=dst-jpg_e35_s1080x1080&_nc_ht=instagram.ftgu2-2.fna.fbcdn.net&_nc_cat=106&_nc_ohc=CqyVvkqdwqAAX_wGM3A&edm=ABZsPhsBAAAA&ccb=7-4&oh=00_AT-GHezaX3x79DzzpM9zFwugEcVgxVNQVhyZT1dOWd8HEw&oe=6221E524&_nc_sid=4efc9f","","owner didnt open","biscuits","30thbirthday","30thbirthdaybiscuits","cake","flowers","flamingo","hearts","treatyourself","sweetssweets","kent","businessowner","cakemaker","mum","instafood","medway","brownies","cheesecake","cupcakes","personalised",,,,,,,,,,,,"2783025407756245498","0",,,"house_of_toot_sweet",,,,,,,"48603312852",,"1",,"brownies","CafStz-Mpn6","2022-02-27T17:21:43.000Z","Sidecar","https://www.instagram.com/p/CafStz-Mpn6/",
"Photo by Brownli in Praia do Tombo. May be an image of outdoors and text that says 'いい、 agora melhor me está no nopote 150ml'.","💥Agora o melhor está no pote!

Geladinho para você aproveitar a praia de um jeito mais gostoso ☀️

👉Clica no nosso site⁣
brownli.com.br (link na bio)⁣ para ter o seu e aproveita o cupom “primeiracompra”

#brownli #naondadabrownli #brownlionline ⁣#browniedapraia #brownie #brownienopote
⁣
 ⁣
⁣⁣
⁣
⁣
⁣

⁣
 ⁣
⁣⁣
⁣
⁣
⁣
 ⁣
⁣⁣
⁣
⁣
⁣","0","1349","1080","https://scontent-waw1-1.cdninstagram.com/v/t51.2885-15/274733378_262836532557108_2098345920977210319_n.jpg?stp=dst-jpg_e35&_nc_ht=scontent-waw1-1.cdninstagram.com&_nc_cat=100&_nc_ohc=PqIx_bS12GwAX-oefXo&edm=ABZsPhsBAAAA&ccb=7-4&oh=00_AT-KZXUIVvbpR8ugxLZpRgNalHaS-Ucsrf3szJuBGyMuJw&oe=62220842&_nc_sid=4efc9f","","owner didnt open","brownli","naondadabrownli","brownlionline","browniedapraia","brownie","brownienopote",,,,,,,,,,,,,,,,,,,,,,,,,"2782966546896834656","10",,,,,,,,,,"2140408481",,"4",,"brownienopote","CafFVRhlNBg","2022-02-27T15:24:46.000Z","Image","https://www.instagram.com/p/CafFVRhlNBg/",
"Photo by BURNT-Winchester on February 27, 2022. May be an image of dessert.","The Mother’s Day postal products are now on the website and available to pre-order 💐💕 All prices include Tracked 24 shipping and will be sent on the 24th March 🌸
.
.
.
#mothersdaygift #letterboxbrownies #brownies #baking #presents #gifts #chocolate #chocolatebrownies #traybakes #burnt #thebakeryburnt #food #bakersofinstagram #bakedwithlove #bakedgoods #browniesofinstagram","0","1218","1080","https://instagram.ftgu2-2.fna.fbcdn.net/v/t51.2885-15/274879677_376945397210703_3491726952728606091_n.jpg?stp=dst-jpg_e35_p1080x1080&_nc_ht=instagram.ftgu2-2.fna.fbcdn.net&_nc_cat=103&_nc_ohc=8zADhTU8hTIAX-N8X9y&edm=ABZsPhsBAAAA&ccb=7-4&oh=00_AT9Ny8babtYcYqfw1mV5CiHJJoMkWQcAqVCuvAus2BAUQg&oe=62236E0E&_nc_sid=4efc9f","","owner didnt open","mothersdaygift","letterboxbrownies","brownies","baking","presents","gifts","chocolate","chocolatebrownies","traybakes","burnt","thebakeryburnt","food","bakersofinstagram","bakedwithlove","bakedgoods","browniesofinstagram",,,,,,,,,,,,,,,"2783024757647344091","0",,,,,,,,,,"39308278897",,"2",,"brownies","CafSkWgsAHb","2022-02-27T17:20:25.000Z","Sidecar","https://www.instagram.com/p/CafSkWgsAHb/",
"Photo by Isabel Dutra Doces on February 27, 2022. May be an image of dessert and indoor.","Quem aí aceita uma sobremesa?!😋🍫🥥
Pensem numa delícia esse brownies! Aqueci por 15seg no microondas e tô no paraíso!😃

#domingou #sobremesas #brownies #brownierecheado #browniedecafe #chocolate #nibsdecacau #cafe #isabeldutracake","0","1346","1080","https://instagram.ftgu2-2.fna.fbcdn.net/v/t51.2885-15/274874514_325448956265409_7102631272155257615_n.jpg?stp=dst-jpg_e35_p1080x1080&_nc_ht=instagram.ftgu2-2.fna.fbcdn.net&_nc_cat=109&_nc_ohc=lUgW5R46-_4AX_LZyVh&edm=ABZsPhsBAAAA&ccb=7-4&oh=00_AT9EPQDBNbcasUtxG7JSFjscu1Mu-MtwkdZN3V7mVIhc7w&oe=6222E571&_nc_sid=4efc9f","","owner didnt open","domingou","sobremesas","brownies","brownierecheado","browniedecafe","chocolate","nibsdecacau","cafe","isabeldutracake",,,,,,,,,,,,,,,,,,,,,,"2783024500721691129","0",,,,,,,,,,"6732034276",,"3",,"brownies","CafSgnOuan5","2022-02-27T17:19:55.000Z","Sidecar","https://www.instagram.com/p/CafSgnOuan5/",
"Photo by Donna Dulce on February 27, 2022. May be an image of cake and indoor.","Um bolo que é um presente, ou um presente que é um bolo? 

Pedidos e encomendas pelo WhatsApp (11) 93777-0191. 

Entregas pelo uber flash em Jandira e região. 

#donnadulces #confeitariaartesanal #brigadeirogourmet #minicupcakes #alphaville #barueri  #osasco #jandira #chocolate #brownie #brigadeiros  #paodemel  #trufas #cupcakes  #minipaodemel #brownienopote  #ovodepascoa #palhaitaliana #cupcakesartesanal
#empreendedorismofeminino
#empreendedores #boloscaseiros #bolosdefesta #bolosdecorados #bolodelimao #bolodechocolate #cookies","2","1350","1080","https://scontent-waw1-1.cdninstagram.com/v/t51.2885-15/274837383_505694067824445_6789794060921650667_n.webp?stp=dst-jpg_e35&_nc_ht=scontent-waw1-1.cdninstagram.com&_nc_cat=109&_nc_ohc=QNPs414LHToAX_AmAeL&edm=ABZsPhsBAAAA&ccb=7-4&oh=00_AT8L0bktAkjcdG1KJKi2UAvZP7NFHLPwNNuCJEokldr20w&oe=6221B50B&_nc_sid=4efc9f","","owner didnt open","donnadulces","confeitariaartesanal","brigadeirogourmet","minicupcakes","alphaville","barueri","osasco","jandira","chocolate","brownie","brigadeiros","paodemel","trufas","cupcakes","minipaodemel","brownienopote","ovodepascoa","palhaitaliana","cupcakesartesanal","empreendedorismofeminino","empreendedores","boloscaseiros","bolosdefesta","bolosdecorados","bolodelimao","bolodechocolate","cookies",,,,"2782932091764876795","11",,,,,,,,,,"8153253307",,"5",,"brownienopote","Cae9f4rriX7","2022-02-27T14:16:19.000Z","Sidecar","https://www.instagram.com/p/Cae9f4rriX7/",
"Photo by Rosemy Cherian in Virajpet, Coorg. May be an image of cake.","For someone special 
.
.
.
.
#pinatacake #cakes #birthdaycake #cakedecorating #chocolate  #cakesofinstagram #instacake #instafood #baking #yummy #cakestagram #cakedesign #homemade #cupcakes #bakery#delicious #cakeart #pastry #chocolatecake #instagood #foodphotography #buttercream  #desserts #cakelover #cupcake #fondant #foodstagram  #brownies #cakedesigner  #baker","1","1080","1080","https://instagram.ftgu2-2.fna.fbcdn.net/v/t51.2885-15/274752284_679963430025246_4732195127253531147_n.webp?stp=dst-jpg_e35_s1080x1080&_nc_ht=instagram.ftgu2-2.fna.fbcdn.net&_nc_cat=106&_nc_ohc=cZtMbN411TQAX9KcQBJ&edm=ABZsPhsBAAAA&ccb=7-4&oh=00_AT-M8gjhY2Pi2Ypt64GEX--_91K71QWLLiDBtngMCJMlrA&oe=62224B28&_nc_sid=4efc9f","","owner didnt open","pinatacake","cakes","birthdaycake","cakedecorating","chocolate","cakesofinstagram","instacake","instafood","baking","yummy","cakestagram","cakedesign","homemade","cupcakes","bakery","delicious","cakeart","pastry","chocolatecake","instagood","foodphotography","buttercream","desserts","cakelover","cupcake","fondant","foodstagram","brownies","cakedesigner","baker","2783024449649612568","2",,,,,,,,,,"42760509732",,"4",,"brownies","CafSf3ql5cY","2022-02-27T17:19:49.000Z","Image","https://www.instagram.com/p/CafSf3ql5cY/",
"Photo by Engenharia  do Brownie in Niterói, Rio de Janeiro, Brazil with @iamrafaelarangel, @amorim.matheus, @natasharodriguestrindade, @ludymilasalum, @naty.decora, and @arthur.rangel.hypolito. May be an image of dessert.","Domingo de Carnaval com direito ao bloquinho do @arthur.rangel.hypolito !

#confeitariaartesanal ##confeitaria #brownies #browniespersonalizados #brownienopote #carnavrau #carnaval #carnaval2022 #niteroirj #itaboraí #riodejaneirotrip #riodejaneiroinstagram #riodasostras #saogoncalo #vendasnoinstagram","1","1293","1080","https://scontent-waw1-1.cdninstagram.com/v/t51.2885-15/274897301_631562167948271_1165120931672982382_n.webp?stp=dst-jpg_e35_p1080x1080&_nc_ht=scontent-waw1-1.cdninstagram.com&_nc_cat=111&_nc_ohc=EygEC1KjUREAX818n2K&edm=ABZsPhsBAAAA&ccb=7-4&oh=00_AT-i9gm3P5b6G-pA2WkBhFYEKh44y3c14Jd-SzdarVFbsw&oe=6223542F&_nc_sid=4efc9f","","owner didnt open","confeitariaartesanal","#confeitaria","brownies","browniespersonalizados","brownienopote","carnavrau","carnaval","carnaval2022","niteroirj","itaboraí","riodejaneirotrip","riodejaneiroinstagram","riodasostras","saogoncalo","vendasnoinstagram",,,,,,,,,,,,,,,,"2782930319798145803","21",,,"arthur.rangel.hypolito",,,,,,,"16194964290",,"6",,"brownienopote","Cae9GGaO5ML","2022-02-27T14:12:48.000Z","Image","https://www.instagram.com/p/Cae9GGaO5ML/",
"Photo by Rosemy Cherian in Virajpet, Coorg. May be an image of cake and text that says 'Pondant Piñata Cake'.","#pinatacake #cakes #birthdaycake #cakedecorating #chocolate  #cakesofinstagram #instacake #instafood #baking #yummy #cakestagram #cakedesign #homemade #cupcakes #bakery#delicious #cakeart #pastry #chocolatecake #instagood #foodphotography #buttercream  #desserts #cakelover #cupcake #fondant #foodstagram  #brownies #cakedesigner  #baker","2","1080","1080","https://instagram.ftgu2-2.fna.fbcdn.net/v/t51.2885-15/274916174_1178222499652504_2465627911754339801_n.webp?stp=dst-jpg_e35&_nc_ht=instagram.ftgu2-2.fna.fbcdn.net&_nc_cat=104&_nc_ohc=RQ3dhERog88AX8dn0Oy&edm=ABZsPhsBAAAA&ccb=7-4&oh=00_AT-4JIDsIJP5avwuUybLyx0Mv8cDKYQCfwW0pxMjhc8udA&oe=62237650&_nc_sid=4efc9f","","owner didnt open","pinatacake","cakes","birthdaycake","cakedecorating","chocolate","cakesofinstagram","instacake","instafood","baking","yummy","cakestagram","cakedesign","homemade","cupcakes","bakery","delicious","cakeart","pastry","chocolatecake","instagood","foodphotography","buttercream","desserts","cakelover","cupcake","fondant","foodstagram","brownies","cakedesigner","baker","2783024073571401752","1",,,,,,,,,,"42760509732",,"5",,"brownies","CafSaZalYAY","2022-02-27T17:19:04.000Z","Image","https://www.instagram.com/p/CafSaZalYAY/",
"Photo by Cake'O'licious By Maryam on February 27, 2022. May be an image of dessert.","Fudge Brownies 🍫😋

Dm for order 
@_cake_o_licious_
.
.
.
#brownies
#weddingcake
#pinatacakes  #cheesecake #chocolatecheesecake
#minicheesecake #mangocake #reelsinstagram
#reelitfeelit #mangotrufflecake
#chocolatecupcakes🍫🧁
#homemade#Yummy #cakeOlicious #bakedwithlove #madewithlove #lovebaking #cakeartists #cakeart 
#rasmalaicake #butterscotchcakes #redvelvet","0","1080","1080","https://instagram.ftgu2-2.fna.fbcdn.net/v/t51.2885-15/274790976_659380688442311_4397470944150875893_n.webp?stp=dst-jpg_e35&_nc_ht=instagram.ftgu2-2.fna.fbcdn.net&_nc_cat=111&_nc_ohc=FMWAFC1-BnMAX8YBRsc&edm=ABZsPhsBAAAA&ccb=7-4&oh=00_AT8guwyIaSWb3vhcSYCYAVPxWJK7DNOqDZ9VVYF4ub8irg&oe=622240B4&_nc_sid=4efc9f","","owner didnt open","brownies","weddingcake","pinatacakes","cheesecake","chocolatecheesecake","minicheesecake","mangocake","reelsinstagram","reelitfeelit","mangotrufflecake","chocolatecupcakes🍫🧁","homemade","Yummy","cakeOlicious","bakedwithlove","madewithlove","lovebaking","cakeartists","cakeart","rasmalaicake","butterscotchcakes","redvelvet",,,,,,,,,"2783024043147103056","1",,,"_cake_o_licious_",,,,,,,"1648458743",,"6",,"brownies","CafSZ9FJ4tQ","2022-02-27T17:19:00.000Z","Image","https://www.instagram.com/p/CafSZ9FJ4tQ/",
"Photo by liv W on February 27, 2022. May be an image of dessert.","Homemade gluten free and dairy free brownie 😋 
#brownies #chocolate #glutenfree #dairyfree #foodflowers","0","1080","1080","https://instagram.ftgu2-2.fna.fbcdn.net/v/t51.2885-15/274902145_261737102789645_2457448355455930467_n.webp?stp=dst-jpg_e35&_nc_ht=instagram.ftgu2-2.fna.fbcdn.net&_nc_cat=105&_nc_ohc=hw2o1V0JjxEAX-S-AgM&edm=ABZsPhsBAAAA&ccb=7-4&oh=00_AT83a0Dbv4x-JANVPGMeROKe4dkK2SUfxVrabpsn6vpboA&oe=6222E2A8&_nc_sid=4efc9f","","owner didnt open","brownies","chocolate","glutenfree","dairyfree","foodflowers",,,,,,,,,,,,,,,,,,,,,,,,,,"2783024022453390838","0",,,,,,,,,,"51078179690",,"7",,"brownies","CafSZpzto32","2022-02-27T17:18:58.000Z","Sidecar","https://www.instagram.com/p/CafSZpzto32/",
"Photo by Joaninha Brownie on February 27, 2022. May be an image of dessert.","Bloco do brownie!!!! Quem disse que nosso brownie não foi para o carnaval? 🎉🎉🎉#doce #doces #fashion #comida #brownies #brownie #confeitaria #bolos #bolo #chef #chocolate #festa #noiva #casamento #aniversario #natal #torta #tortas #festainfantil #carnaval  #bloco","1","1080","1080","https://instagram.ftgu2-2.fna.fbcdn.net/v/t51.2885-15/274759824_1010370499553884_594314066930377116_n.webp?stp=dst-jpg_e35&_nc_ht=instagram.ftgu2-2.fna.fbcdn.net&_nc_cat=104&_nc_ohc=4YxqWRfWQcUAX93hAt1&edm=ABZsPhsBAAAA&ccb=7-4&oh=00_AT8P-gahP8u0V_R0-PnUyFFm7NLJlc6SZx-DP4gHs3IFGg&oe=622254B2&_nc_sid=4efc9f","","owner didnt open","doce","doces","fashion","comida","brownies","brownie","confeitaria","bolos","bolo","chef","chocolate","festa","noiva","casamento","aniversario","natal","torta","tortas","festainfantil","carnaval","bloco",,,,,,,,,,"2783023905255541787","0",,,,,,,,,,"49891956622",,"8",,"brownies","CafSX8qLUwb","2022-02-27T17:18:44.000Z","Image","https://www.instagram.com/p/CafSX8qLUwb/",
,"🚨 ALERTA! O vídeo contém cenas fortes! 
Garante a sua dose de felicidade! Peça o seu. Link na bio
.
.
#brownie #brownienopote #dosedefelicidade #encomendeoseu","4","1334","750","https://scontent-waw1-1.cdninstagram.com/v/t51.2885-15/274737708_149506567517575_3211631873184584041_n.jpg?stp=dst-jpg_e35&_nc_ht=scontent-waw1-1.cdninstagram.com&_nc_cat=107&_nc_ohc=uj6bWDjnUtAAX9BP7nK&edm=ABZsPhsBAAAA&ccb=7-4&oh=00_AT8gPlyEzxpUQRqmtBwBxgZ73JgS5yyxEAWPcSlBjlofQA&oe=621E0870&_nc_sid=4efc9f","","owner didnt open","brownie","brownienopote","dosedefelicidade","encomendeoseu",,,,,,,,,,,,,,,,,,,,,,,,,,,"2782881541032329876","10",,,,,,,,,,"51507982428",,"7","igtv","brownienopote","CaeyARpOUKU","2022-02-27T12:42:03.000Z","Video","https://www.instagram.com/p/CaeyARpOUKU/","62"
"Photo by Rosemy Cherian in Virajpet, Coorg. May be an image of cake.","For someone special 
.
.
.
.
#pinatacake #cakes #birthdaycake #cakedecorating #chocolate  #cakesofinstagram #instacake #instafood #baking #yummy #cakestagram #cakedesign #homemade #cupcakes #bakery#delicious #cakeart #pastry #chocolatecake #instagood #foodphotography #buttercream  #desserts #cakelover #cupcake #fondant #foodstagram  #brownies #cakedesigner  #baker","1","1080","1080","https://instagram.ftgu2-2.fna.fbcdn.net/v/t51.2885-15/274904427_476309157560142_8536360558251983058_n.webp?stp=dst-jpg_e35_s1080x1080&_nc_ht=instagram.ftgu2-2.fna.fbcdn.net&_nc_cat=106&_nc_ohc=HmZ65x0j1MoAX_-8PUF&edm=ABZsPhsBAAAA&ccb=7-4&oh=00_AT8qQ2WcVDU1Weo-dgHtuom-u85P1T7IqDJpB-1slzFjMg&oe=6221CBAC&_nc_sid=4efc9f","","owner didnt open","pinatacake","cakes","birthdaycake","cakedecorating","chocolate","cakesofinstagram","instacake","instafood","baking","yummy","cakestagram","cakedesign","homemade","cupcakes","bakery","delicious","cakeart","pastry","chocolatecake","instagood","foodphotography","buttercream","desserts","cakelover","cupcake","fondant","foodstagram","brownies","cakedesigner","baker","2783023776951182943","2",,,,,,,,,,"42760509732",,"9",,"brownies","CafSWFKpCZf","2022-02-27T17:18:28.000Z","Image","https://www.instagram.com/p/CafSWFKpCZf/",
"Photo by Felicità Brownies Artesanais on February 27, 2022. May be an image of child and text that says 'Quando pensar em desistir, lembre-se porque começou.'.","Jamais desista de ser feliz, pois a vida é um espetáculo imperdível, ainda que se apresentem dezenas de fatores a demonstrarem o contrário. - Augusto Cury arrasou na mensagem! E você ? Está pronto pra viver o hoje? Ótimo dia!

#brownie #browniefelicità #brownielovers #brownierecheado #brownienopote #brownieniteroi #brownieartesanal #amobrownie #confeitariaartesanal #docesniteroi #sobremesa #cookies #cookierecheado #browniegourmet #brownienutella #browniecake #browniecomsorvete #browniefit #festaniteroi #festainfantil #festaemcasa #browniepersonalizado #food #instafood #nutella #sejafeliz #sorvete","0","1080","1080","https://scontent-waw1-1.cdninstagram.com/v/t51.2885-15/274689973_2052641298276779_5638570516223175340_n.jpg?stp=dst-jpg_e35&_nc_ht=scontent-waw1-1.cdninstagram.com&_nc_cat=111&_nc_ohc=QVcWSHbRwJcAX_MWv17&edm=ABZsPhsBAAAA&ccb=7-4&oh=00_AT9B-XMj2gtZzaAj0j0698LtIPyL2ZAaMWrgprGTNGNb6g&oe=62232058&_nc_sid=4efc9f","","owner didnt open","brownie","browniefelicità","brownielovers","brownierecheado","brownienopote","brownieniteroi","brownieartesanal","amobrownie","confeitariaartesanal","docesniteroi","sobremesa","cookies","cookierecheado","browniegourmet","brownienutella","browniecake","browniecomsorvete","browniefit","festaniteroi","festainfantil","festaemcasa","browniepersonalizado","food","instafood","nutella","sejafeliz","sorvete",,,,"2782865529343391765","1",,,,,,,,,,"8996670777",,"8",,"brownienopote","CaeuXRmMTgV","2022-02-27T12:04:06.000Z","Image","https://www.instagram.com/p/CaeuXRmMTgV/",
"Photo by BROWNIE & DELÍCIAS! 🍫💕 on February 26, 2022. May be an image of food and indoor.","Brownie de Doce de leite 😜

#brownierecheado #brownie #brownienopote #confeitarisporamor #docespersonalizados #brownieporamor #pimpameuinsta","1","1350","1080","https://scontent-waw1-1.cdninstagram.com/v/t51.2885-15/274793258_149410237491652_2531435448666497054_n.webp?stp=dst-jpg_e35&_nc_ht=scontent-waw1-1.cdninstagram.com&_nc_cat=104&_nc_ohc=hDe4nQMNY_IAX_-rRYC&edm=ABZsPhsBAAAA&ccb=7-4&oh=00_AT-czAe_0BNsVzPi0bJgJEwEn9S2PfmVk4Vj54XtX6kqWw&oe=6221A3C5&_nc_sid=4efc9f","","owner didnt open","brownierecheado","brownie","brownienopote","confeitarisporamor","docespersonalizados","brownieporamor","pimpameuinsta",,,,,,,,,,,,,,,,,,,,,,,,"2782569751295312763","15",,,,,,,,,,"51901551638",,"9",,"brownienopote","CadrHI0tEN7","2022-02-27T02:16:24.000Z","Image","https://www.instagram.com/p/CadrHI0tEN7/",
"Photo by DBocadillos in Santo Domingo, Dominican Republic. May be an image of dessert.","#brownies #browniesrd #brownieslovers #browniesnutella #nutellalovers #nutella #dulcesrd #bizcochosrd #cakes #menucomdo #menurd #eventosrd #eventosrd🇩🇴 #santodomingord #santodomingo #rd #rd🇩🇴 #","0","1350","1080","https://instagram.ftgu2-2.fna.fbcdn.net/v/t51.2885-15/274755399_4856306774485852_1007792732501692605_n.webp?stp=dst-jpg_e35&_nc_ht=instagram.ftgu2-2.fna.fbcdn.net&_nc_cat=104&_nc_ohc=NuWCNsdzwX0AX-QpD3_&edm=ABZsPhsBAAAA&ccb=7-4&oh=00_AT9J8EfBn9LCGNzJzhvasLbl8-ae7OQUHrhiJFc3MxnuHw&oe=62233687&_nc_sid=4efc9f","","owner didnt open","brownies","browniesrd","brownieslovers","browniesnutella","nutellalovers","nutella","dulcesrd","bizcochosrd","cakes","menucomdo","menurd","eventosrd","eventosrd🇩🇴","santodomingord","santodomingo","rd","rd🇩🇴",,,,,,,,,,,,,,"2783023759680576862","0",,,,,,,,,,"2051404459",,"10",,"brownies","CafSV1FO51e","2022-02-27T17:18:26.000Z","Image","https://www.instagram.com/p/CafSV1FO51e/",
"Photo by Receita di Vó - Bolos Caseiros in Franca, Brazil. May be an image of dessert and indoor.","Novidade!!!!
Brownie no pote 🤎

Mousse de leite Ninho, pedaços de Brownie e brigadeiro de chocolate 🍫 
É  de comer rezando 🙏

Não passe vontade, me chama no whatsApp e peça o seu 📲 16 99255-0347 

#bolodepotefranca #brownienopote #browniefrancasp #brownieévida #browniechocolatudo #bolonopotefrancasp #bolocaseirofranca #franca #francashopping","0","1350","1080","https://scontent-waw1-1.cdninstagram.com/v/t51.2885-15/274938120_473614334482448_9062974461984358081_n.webp?stp=dst-jpg_e35&_nc_ht=scontent-waw1-1.cdninstagram.com&_nc_cat=108&_nc_ohc=YWF_XgFowvcAX-DB6Yi&edm=ABZsPhsBAAAA&ccb=7-4&oh=00_AT9bgmffjIHmwhII8xi0xXNIFwjwgdj71-eu5UtKbMPERg&oe=622397F0&_nc_sid=4efc9f","","owner didnt open","bolodepotefranca","brownienopote","browniefrancasp","brownieévida","browniechocolatudo","bolonopotefrancasp","bolocaseirofranca","franca","francashopping",,,,,,,,,,,,,,,,,,,,,,"2782522361011715767","10",,,,,,,,,,"2944445359",,"10",,"brownienopote","CadgVhLrz63","2022-02-27T00:42:15.000Z","Image","https://www.instagram.com/p/CadgVhLrz63/",
"Photo by Duetto Browneria/Confeitaria on February 26, 2022. May be an image of cake.","Já imaginou vc com uma pizza dessa na sua mesa?? Em Março 😋😋. Dá uma espiadinha 👉
.
.
.
.
#brownie #pizza #bolo #confeitaria #olinda #brownienopote #browneria 
#sobremesa #confraternização","0","1350","1080","https://scontent-waw1-1.cdninstagram.com/v/t51.2885-15/274737222_3122269381391618_4972157495110507481_n.webp?stp=dst-jpg_e35&_nc_ht=scontent-waw1-1.cdninstagram.com&_nc_cat=102&_nc_ohc=a_ECkJ_jF98AX_BmEh2&edm=ABZsPhsBAAAA&ccb=7-4&oh=00_AT_HQvD3v2FRAcBvwyc2KIFIeyO6chL_uGkNBQEO7i3UTw&oe=6223454D&_nc_sid=4efc9f","","owner didnt open","brownie","pizza","bolo","confeitaria","olinda","brownienopote","browneria","sobremesa","confraternização",,,,,,,,,,,,,,,,,,,,,,"2782513102353929339","0",,,,,,,,,,"47870271785",,"11",,"brownienopote","CadeOyYrRR7","2022-02-27T00:23:51.000Z","Sidecar","https://www.instagram.com/p/CadeOyYrRR7/",
"Photo by Saborate on February 26, 2022. May be an image of cake and indoor.","Uma generosa camada de brownie, e entre o brownie, duas deliciosas camadas de recheio. Esse é o delicioso brownie no pote.
.
.
.
Entregamos dentro de irupi
.
.
.
.
#saboratedoceria #brownienopote #browniecremozer","0","1163","1080","https://scontent-waw1-1.cdninstagram.com/v/t51.2885-15/274691231_1291771774635319_2299879915288074318_n.webp?stp=dst-jpg_e35&_nc_ht=scontent-waw1-1.cdninstagram.com&_nc_cat=107&_nc_ohc=4Ny6A-1udKAAX-tqof3&edm=ABZsPhsBAAAA&ccb=7-4&oh=00_AT96Y5CJD_bpcF3yuPQDK18_09RWumoxV6yW0RnQH6xSbQ&oe=62239208&_nc_sid=4efc9f","","owner didnt open","saboratedoceria","brownienopote","browniecremozer",,,,,,,,,,,,,,,,,,,,,,,,,,,,"2782442219522399340","12",,,,,,,,,,"15537440160",,"12",,"brownienopote","CadOHTmrpxs","2022-02-26T22:03:01.000Z","Image","https://www.instagram.com/p/CadOHTmrpxs/",
,"Já quero! Brownie no pote! Recheio ninho e brigadeiro feito com cacau. Taxa de entrega de acordo com a distância. Whatsapp 88 999619861. 

#brownie #brownienopote #bolos #copodafelicidade  #juazeirodonorte #doces","0","750","750","https://scontent-waw1-1.cdninstagram.com/v/t51.2885-15/274906777_322086163230028_7884313354028589607_n.jpg?stp=dst-jpg_e35&_nc_ht=scontent-waw1-1.cdninstagram.com&_nc_cat=104&_nc_ohc=Ws_LGj8EIIMAX-Mn_ms&edm=ABZsPhsBAAAA&ccb=7-4&oh=00_AT-M7SAXsIsDXfqlnYs_jOYhBBPVNVeXy586kkhuYHiZrA&oe=621E37E7&_nc_sid=4efc9f","","owner didnt open","brownie","brownienopote","bolos","copodafelicidade","juazeirodonorte","doces",,,,,,,,,,,,,,,,,,,,,,,,,"2782424723219241180","6",,,,,,,,,,"8453597432",,"13",,"brownienopote","CadKIs5v1jc","2022-02-26T21:28:16.000Z","Sidecar","https://www.instagram.com/p/CadKIs5v1jc/",
"Photo by Philippe on February 27, 2022. May be an image of food.","Happy Sunday! 
Grab something to show you Care- or Carrot- (Care a lot) 😋 

-

-

-

-

#cakes #patisserie #frenchpastries #pies #delicious #mousse #food #sanfrancisco #california #frenchfood #quiche #fruits #pastrychef  #cakedecorating #artist #coffee #croissants #brownies #france #muffins #foodies #foodporn #exploresf #sftravel #sanfranciscolife #tartsofinstagram #macaroons #eatlocal #farmtotable #chef","2","1350","1080","https://instagram.ftgu2-2.fna.fbcdn.net/v/t51.2885-15/274815687_489966665868828_3145848477045958490_n.jpg?stp=dst-jpg_e35_p1080x1080&_nc_ht=instagram.ftgu2-2.fna.fbcdn.net&_nc_cat=100&_nc_ohc=ucw-afzsKRYAX8RC0wo&edm=ABZsPhsBAAAA&ccb=7-4&oh=00_AT_1YMdEgE0GucSdMmJqoVeVra_PUsF8-O8PBS82dsgWHg&oe=62228A63&_nc_sid=4efc9f","","owner didnt open","cakes","patisserie","frenchpastries","pies","delicious","mousse","food","sanfrancisco","california","frenchfood","quiche","fruits","pastrychef","cakedecorating","artist","coffee","croissants","brownies","france","muffins","foodies","foodporn","exploresf","sftravel","sanfranciscolife","tartsofinstagram","macaroons","eatlocal","farmtotable","chef","2783023744923642027","5",,,,,,,,,,"48341547791",,"11",,"brownies","CafSVnVpqir","2022-02-27T17:18:25.000Z","Sidecar","https://www.instagram.com/p/CafSVnVpqir/",
"Photo by Felicità Brownies Artesanais on February 26, 2022. May be an image of dessert and text that says 'Somos especializados em Produtos 100% Artesanais!'.","A Felicità Brownies Artesanais é especializada em Brownie e outros doces. Além de deliciosas, os produtos são artesanais e feitos com muito carinho. Venha conferir em nosso link na bio! Esperamos o seu pedido.

#brownie #browniefelicità #brownielovers #brownierecheado #brownienopote #brownieniteroi #brownieartesanal #amobrownie #confeitariaartesanal #docesniteroi #sobremesa #cookies #cookierecheado #browniegourmet #brownienutella #browniecake #browniecomsorvete #browniefit #festaniteroi #festainfantil #festaemcasa #browniepersonalizado #food #instafood #nutella #sejafeliz #sorvete","0","1080","1080","https://scontent-waw1-1.cdninstagram.com/v/t51.2885-15/274907924_675913313830802_8726792776126665164_n.jpg?stp=dst-jpg_e35&_nc_ht=scontent-waw1-1.cdninstagram.com&_nc_cat=102&_nc_ohc=8TXotuTvgaoAX953jr7&edm=ABZsPhsBAAAA&ccb=7-4&oh=00_AT_o3u-fpEWn0veBi7xrtSomdHXLPkgIuOay5IEY4k03jg&oe=6222BDF3&_nc_sid=4efc9f","","owner didnt open","brownie","browniefelicità","brownielovers","brownierecheado","brownienopote","brownieniteroi","brownieartesanal","amobrownie","confeitariaartesanal","docesniteroi","sobremesa","cookies","cookierecheado","browniegourmet","brownienutella","browniecake","browniecomsorvete","browniefit","festaniteroi","festainfantil","festaemcasa","browniepersonalizado","food","instafood","nutella","sejafeliz","sorvete",,,,"2782412410604782660","10",,,,,,,,,,"8996670777",,"14",,"brownienopote","CadHVh4vIRE","2022-02-26T21:03:51.000Z","Image","https://www.instagram.com/p/CadHVh4vIRE/",
"Photo by Demi Sherman in Blyth, Northumberland with @demisdelights_bakery. May be an image of text that says 'Demis Delights BAKERY'.","NEW SMALL BUSINESS! 

@demisdelights_bakery 

As some of you may have seen over the last week I have taken the brave step to start my own business baking cakes from home! 

This is going to be a side occupation to my full time job but I have always loved baking and can’t wait to share my creations with you all.

I would love it if my lovely foodie friends who I have made along the way from running this blog would follow my new page @demisdelights_bakery and give it some love, whether you are far or near it would be much appreciated! 

I am currently awaiting my registration from the council which means I cannot start trading until after the 22nd March! 

#demisdelightsbakery #smallbusiness #smallbusinessuk #foodblogger #northeastfoodies #northeast #newcastlefoodies #northumberlandfoodies #foodblogger #foodblogfeed #cakes #baking #homebaking #brownies #blondies #cookies #cheesecake #food #foodporn #trending","3","640","640","https://instagram.ftgu2-2.fna.fbcdn.net/v/t51.2885-15/274915485_2822949811335868_8603853916260623180_n.jpg?stp=dst-jpg_e35&_nc_ht=instagram.ftgu2-2.fna.fbcdn.net&_nc_cat=104&_nc_ohc=9UFKp046KEYAX8t0cYt&edm=ABZsPhsBAAAA&ccb=7-4&oh=00_AT8HJ3HjMapCgVOGr1b7C7bucyLw6y4sX27XtVa9lN_StQ&oe=6222751A&_nc_sid=4efc9f","","owner didnt open","demisdelightsbakery","smallbusiness","smallbusinessuk","foodblogger","northeastfoodies","northeast","newcastlefoodies","northumberlandfoodies","foodblogfeed","cakes","baking","homebaking","brownies","blondies","cookies","cheesecake","food","foodporn","trending",,,,,,,,,,,,"2783023498264661625","7",,,"demisdelights_bakery",,,,,,,"38732941009",,"12",,"brownies","CafSSBnoU55","2022-02-27T17:17:55.000Z","Image","https://www.instagram.com/p/CafSSBnoU55/",
"Photo by Nanda Doces 🧁 in Bangu, Rio De Janeiro, Brazil. May be an image of dessert.","Vai deixar de matar sua vontade por chocolate? 🍫
.
Faça já seu pedido: 98957-6858
.
#docesgourmet #biscoitoamanteigado #chocolates #saboresgourmet #façaseupedido #pasteldeleiteninhorecheado #nutella #pascoa #ovosdepascoa #ovorecheado #páscoa2022
#brownienopote #brownierecheados #bigbis","0","1233","1080","https://scontent-waw1-1.cdninstagram.com/v/t51.2885-15/274760999_695416121469401_2357429386222513901_n.jpg?stp=dst-jpg_e35_p1080x1080&_nc_ht=scontent-waw1-1.cdninstagram.com&_nc_cat=105&_nc_ohc=ydXBWn6qEV4AX9NYIWB&edm=ABZsPhsBAAAA&ccb=7-4&oh=00_AT9rQqLgUwxW08NYLFCoPEOSx19ZEFPzmXYb-lXdbxT9Zw&oe=622377B8&_nc_sid=4efc9f","","owner didnt open","docesgourmet","biscoitoamanteigado","chocolates","saboresgourmet","façaseupedido","pasteldeleiteninhorecheado","nutella","pascoa","ovosdepascoa","ovorecheado","páscoa2022","brownienopote","brownierecheados","bigbis",,,,,,,,,,,,,,,,,"2782400731152652301","2",,,,,,,,,,"48299310489",,"15",,"brownienopote","CadErkjJBgN","2022-02-26T20:40:36.000Z","Image","https://www.instagram.com/p/CadErkjJBgN/",
"Photo by Nanda Doces 🧁 in Bangu, Rio De Janeiro, Brazil. May be an image of dessert.","Corra e garanta já o seu ✅
.
Faça já seu pedido: 98957-6858
.
#docesgourmet #biscoitoamanteigado #chocolates #saboresgourmet #façaseupedido #pasteldeleiteninhorecheado #nutella #pascoa #ovosdepascoa #ovorecheado #páscoa2022
#brownienopote #brownierecheados #bigbis","0","1349","1080","https://scontent-waw1-1.cdninstagram.com/v/t51.2885-15/274787768_1077960316270937_2770142404977223057_n.jpg?stp=dst-jpg_e35_p1080x1080&_nc_ht=scontent-waw1-1.cdninstagram.com&_nc_cat=105&_nc_ohc=zzfHAA6Ip0UAX_5efmL&edm=ABZsPhsBAAAA&ccb=7-4&oh=00_AT82C-n4QBwVSfLUUXqtRMUfFE99KGeJC9sQ9WI2TFtt6Q&oe=6223111C&_nc_sid=4efc9f","","owner didnt open","docesgourmet","biscoitoamanteigado","chocolates","saboresgourmet","façaseupedido","pasteldeleiteninhorecheado","nutella","pascoa","ovosdepascoa","ovorecheado","páscoa2022","brownienopote","brownierecheados","bigbis",,,,,,,,,,,,,,,,,"2782399853553295645","4",,,,,,,,,,"48299310489",,"16",,"brownienopote","CadEezOJKEd","2022-02-26T20:38:51.000Z","Image","https://www.instagram.com/p/CadEezOJKEd/",
"Photo by Double B’s on February 27, 2022. May be an image of dessert.","‼️ SUNDAY SPECIAL ‼️

⭐️ Blondie Off Cuts £5 a box 
⭐️ 25% OFF EVERYTHING on the Menu

Tap the app to order 👉http://onelink.to/doublebs

#doublebs #blondie #cheesecake #waffles #brownies #cookies #cookiedough #caramac #delivery #wigan","0","937","750","https://instagram.ftgu2-2.fna.fbcdn.net/v/t51.2885-15/274935914_484743046573924_8457717496955160364_n.jpg?stp=dst-jpg_e15&_nc_ht=instagram.ftgu2-2.fna.fbcdn.net&_nc_cat=104&_nc_ohc=xvugLPEUg48AX_D_iPF&edm=ABZsPhsBAAAA&ccb=7-4&oh=00_AT_dtUpx6OkO7YSakv9-hXCCnsYZiVNjoXAf8a_Rd-eYKA&oe=62221201&_nc_sid=4efc9f","","owner didnt open","doublebs","blondie","cheesecake","waffles","brownies","cookies","cookiedough","caramac","delivery","wigan",,,,,,,,,,,,,,,,,,,,,"2783023476823327769","1",,,,,,,,,,"39222327767",,"13",,"brownies","CafSRtpoIQZ","2022-02-27T17:17:53.000Z","Sidecar","https://www.instagram.com/p/CafSRtpoIQZ/",
"Photo by Nanda Doces 🧁 in Bangu, Rio De Janeiro, Brazil. May be an image of dessert and text that says 'BIG BIS'.","Big bis 😍
.
R$2,30 ou R$10,00 (caixa c/ 5uni.)
.
*Consulte confeitos disponíveis para montagem.
.
Faça já seu pedido: 98957-6858
.
#docesgourmet #biscoitoamanteigado #chocolates #saboresgourmet #façaseupedido #pasteldeleiteninhorecheado #nutella #pascoa #ovosdepascoa #ovorecheado #páscoa2022
#brownienopote #brownierecheados #bigbis","0","1349","1080","https://scontent-waw1-1.cdninstagram.com/v/t51.2885-15/274717951_629302575033422_4800823721435489275_n.jpg?stp=dst-jpg_e35_p1080x1080&_nc_ht=scontent-waw1-1.cdninstagram.com&_nc_cat=102&_nc_ohc=gD9Xb2p6FJMAX_yTJPd&edm=ABZsPhsBAAAA&ccb=7-4&oh=00_AT-iWLDWJcI1X7v6yvAZpL6mfxJhv5NQedr4_Ztb7dhbjA&oe=62235092&_nc_sid=4efc9f","","owner didnt open","docesgourmet","biscoitoamanteigado","chocolates","saboresgourmet","façaseupedido","pasteldeleiteninhorecheado","nutella","pascoa","ovosdepascoa","ovorecheado","páscoa2022","brownienopote","brownierecheados","bigbis",,,,,,,,,,,,,,,,,"2782399263171647901","1",,,,,,,,,,"48299310489",,"17",,"brownienopote","CadEWNYp5md","2022-02-26T20:37:41.000Z","Image","https://www.instagram.com/p/CadEWNYp5md/",
"Photo by Mom.Wife.Nurse on February 27, 2022. May be an image of dessert.","Brownies bez šećera ,brašna i jaja!! 
Recept:
➡️ 210 g umaka od jabuka
➡️125 g kikiriki maslaca
➡️ 80 g  kakao
➡️ 2 čk vanila ekstrakt 
➡️50 - 70 g javorovog sirupa
➡️100 g tamne čokolade 
 
Frostinging:

➡️ 100 g sirnog namaza 
➡️3 Kašike javorovog sirupa 

➡️Sastojke za brownies sve zajedno dobro umjesajte, stavite u manju  vatrostalnu posudu ,i pecite na 180 C° oko 20 min
Kada se ispeče dobro ohladiti (2-3 sata u hladnjaku)

➡️pomiješati sirni namaz i javorov sirup ,preliti po brownies i uživajte 🍹

#brzoizdravo #zdravlje #zdraviživot #rezeptdana #eathealthy #brownies #dobrahrana #domaćeizdravo #napravisama #onosištojedeš  #zdravoislatko #jedibezgrižnjesavjesti #kolačići #čokolada","0","1350","1080","https://instagram.ftgu2-2.fna.fbcdn.net/v/t51.2885-15/274841353_2793513507616138_1535218717494313932_n.webp?stp=dst-jpg_e35&_nc_ht=instagram.ftgu2-2.fna.fbcdn.net&_nc_cat=110&_nc_ohc=MYlg9ek_auMAX-iwyGg&edm=ABZsPhsBAAAA&ccb=7-4&oh=00_AT9VLtDRoJDIJJNtlD4JI55eeiPLlq631sU81tqeFJhVNw&oe=6222D6AC&_nc_sid=4efc9f","","owner didnt open","brzoizdravo","zdravlje","zdraviživot","rezeptdana","eathealthy","brownies","dobrahrana","domaćeizdravo","napravisama","onosištojedeš","zdravoislatko","jedibezgrižnjesavjesti","kolačići","čokolada",,,,,,,,,,,,,,,,,"2783023427675949899","0",,,,,,,,,,"36794690349",,"14",,"brownies","CafSQ_4NwtL","2022-02-27T17:17:47.000Z","Image","https://www.instagram.com/p/CafSQ_4NwtL/",
"Photo by Pastamam Birgül on February 27, 2022. May be an image of dessert.","#browni #brownies #cheesecake  #dogumgunupastasi #kurabiye #pasta #tatlı #sunum #istanbul #cakedecor","0","1080","1080","https://instagram.ftgu2-2.fna.fbcdn.net/v/t51.2885-15/274884991_374904874104507_5688116494101069473_n.webp?stp=dst-jpg_e35_s1080x1080&_nc_ht=instagram.ftgu2-2.fna.fbcdn.net&_nc_cat=103&_nc_ohc=Tq2bC8OgCXQAX-QNIUJ&edm=ABZsPhsBAAAA&ccb=7-4&oh=00_AT8UcjV-4tIWNlBhnwFejmIWO6QGKWKPs77vnMOrMINCDA&oe=62227640&_nc_sid=4efc9f","","owner didnt open","browni","brownies","cheesecake","dogumgunupastasi","kurabiye","pasta","tatlı","sunum","istanbul","cakedecor",,,,,,,,,,,,,,,,,,,,,"2783023336449777362","0",,,,,,,,,,"1548094272",,"15",,"brownies","CafSPq6th7S","2022-02-27T17:17:36.000Z","Image","https://www.instagram.com/p/CafSPq6th7S/",
"Photo by Taina M. in Anjala, Etelä-Suomen Lääni, Finland with @kennel.marmalades. May be an image of dog.","LT JMVA Marmalade's Walnut
eli kotoisammin 🧡 Walma 🧡

#heelers #rockslopes #marmalade #kennelmarmalades #walmathebest #walmarockslopes
#lancashireheeler #lancashire #brownies #myprecious #puppylove #dogsofinstagram #heelersofinstagram #heelerlove #heelernation #heelergram #heeler #doggy","2","1080","1080","https://instagram.ftgu2-2.fna.fbcdn.net/v/t51.2885-15/274916801_280385347571052_893970192242879248_n.webp?stp=dst-jpg_e35_s1080x1080&_nc_ht=instagram.ftgu2-2.fna.fbcdn.net&_nc_cat=100&_nc_ohc=5eyrEoW_NN0AX-MwqWN&edm=ABZsPhsBAAAA&ccb=7-4&oh=00_AT8xhTv9tiWJHzoQT7bkMk0iIZ7wvyie8_d7uwzCPlYQhQ&oe=62225FAC&_nc_sid=4efc9f","","owner didnt open","heelers","rockslopes","marmalade","kennelmarmalades","walmathebest","walmarockslopes","lancashireheeler","lancashire","brownies","myprecious","puppylove","dogsofinstagram","heelersofinstagram","heelerlove","heelernation","heelergram","heeler","doggy",,,,,,,,,,,,,"2783023149073322006","2",,,,,,,,,,"1741130480",,"16",,"brownies","CafSM8aNFAW","2022-02-27T17:17:14.000Z","Image","https://www.instagram.com/p/CafSM8aNFAW/",
"Photo by Dulces & Caramelos on February 27, 2022. May be an image of dessert.","Cajita de alfajores rellenos de dulce de leche y Brownies 🥰

#alfajores #brownies #browniesenrd #reposteriadyc #rd🇩🇴 #dulcesycaramelos","0","1080","1080","https://instagram.ftgu2-2.fna.fbcdn.net/v/t51.2885-15/274902767_662048084993565_5026330396793148025_n.webp?stp=dst-jpg_e35&_nc_ht=instagram.ftgu2-2.fna.fbcdn.net&_nc_cat=109&_nc_ohc=0nDCyXKZY3wAX9eKURS&edm=ABZsPhsBAAAA&ccb=7-4&oh=00_AT_BEvlvYXgoylNrCYKTDs7PlJNzXgUfRJlSlpipHwn3oQ&oe=622274A1&_nc_sid=4efc9f","","owner didnt open","alfajores","brownies","browniesenrd","reposteriadyc","rd🇩🇴","dulcesycaramelos",,,,,,,,,,,,,,,,,,,,,,,,,"2783023101023072267","2",,,,,,,,,,"610307542",,"17",,"brownies","CafSMPqL7AL","2022-02-27T17:17:08.000Z","Image","https://www.instagram.com/p/CafSMPqL7AL/",
"Photo by Brownie | Bentô Cake 🌾 on February 26, 2022. May be an image of dessert and indoor.","O preferido do bloco ""Unidos da Netflix"" 🤤🎉🎬📺🛌🏼
.
.
.
.
.
.
.
.
#brownienopote
#brownie
#confeitaria
#empreendedorismo","0","1301","1080","https://scontent-waw1-1.cdninstagram.com/v/t51.2885-15/274833567_4968351096578653_7659333544025740403_n.webp?stp=dst-jpg_e35&_nc_ht=scontent-waw1-1.cdninstagram.com&_nc_cat=101&_nc_ohc=rrhG_3v5_lIAX84GkJH&edm=ABZsPhsBAAAA&ccb=7-4&oh=00_AT-VEycsoIWSXynSTmF2d68KHILwFpe-OfYjF6KDbfDdDA&oe=6222B508&_nc_sid=4efc9f","","owner didnt open","brownienopote","brownie","confeitaria","empreendedorismo",,,,,,,,,,,,,,,,,,,,,,,,,,,"2782398990961303490","11",,,,,,,,,,"15866126078",,"18",,"brownienopote","CadESP3p1_C","2022-02-26T20:37:08.000Z","Sidecar","https://www.instagram.com/p/CadESP3p1_C/",
"Photo by Baked by Hannah on February 27, 2022. May be an image of cupcake.","💖 Mother’s Day 💖 

Cupcakes - £12
🧁 vanilla or chocolate sponge
🧁 vanilla buttercream
🧁 optional filling 

Brownies - £12 collection / £16 postal
🍫 two flavours of your choice 
🍫 available for collection or posted anywhere in the UK

Collections - from Basildon on Saturday 26th March
Postals - sent Royal Mail 1st Class on Wednesday 23rd March 

#cupcakes #vanillacupcakes #chocolatecupcakes #cupcakebox #cake #brownies #chocolatebrownies #browniebox #mothersday #mothersdaygift #foodpic #food #cakebaker #baker","1","1080","1080","https://instagram.ftgu2-2.fna.fbcdn.net/v/t51.2885-15/274921606_1108976799673261_4409181519829374899_n.jpg?stp=dst-jpg_e35_s1080x1080&_nc_ht=instagram.ftgu2-2.fna.fbcdn.net&_nc_cat=101&_nc_ohc=qcPrOI3gXSgAX-b9AKu&edm=ABZsPhsBAAAA&ccb=7-4&oh=00_AT_HJzzk6SbuAa-AHbTjwjvLXX6fuAGQz-qyJb68VCfJHQ&oe=622224FD&_nc_sid=4efc9f","","owner didnt open","cupcakes","vanillacupcakes","chocolatecupcakes","cupcakebox","cake","brownies","chocolatebrownies","browniebox","mothersday","mothersdaygift","foodpic","food","cakebaker","baker",,,,,,,,,,,,,,,,,"2783023029074186349","2",,,,,,,,,,"46126871360",,"18",,"brownies","CafSLMpstBt","2022-02-27T17:16:59.000Z","Sidecar","https://www.instagram.com/p/CafSLMpstBt/",
"Photo by Doce Sabor | Doceria Nilópolis on February 26, 2022. May be an image of dessert.","Brownie no pote 🍫
Camadas de brownie, morangos picados, brigadeiro gourmet branco e tradicional
.
.
.
#brownie #brownienopote #sobremesas #receitas #delivery #bolonopote #confeitaria #ovodecolher #nilopolis","0","1080","1080","https://scontent-waw1-1.cdninstagram.com/v/t51.2885-15/274883222_129355526299713_5866389393442290908_n.webp?stp=dst-jpg_e35_s1080x1080&_nc_ht=scontent-waw1-1.cdninstagram.com&_nc_cat=109&_nc_ohc=AeqVOE9KxnMAX_pOtM7&edm=ABZsPhsBAAAA&ccb=7-4&oh=00_AT_sYZqn1IU2vWPeJoeFmcf2IcwkXnG90CWVfnTje6mRvQ&oe=62230E05&_nc_sid=4efc9f","","owner didnt open","brownie","brownienopote","sobremesas","receitas","delivery","bolonopote","confeitaria","ovodecolher","nilopolis",,,,,,,,,,,,,,,,,,,,,,"2782361340524298496","5",,,,,,,,,,"43824073904",,"19",,"brownienopote","Cac7uXKuwEA","2022-02-26T19:22:20.000Z","Sidecar","https://www.instagram.com/p/Cac7uXKuwEA/",
"Photo by blackgirlsdobikela on February 27, 2022. May be an image of one or more people, outdoors and text that says 'WAK'.","Now if you have not met this beautiful soul you are in for a treat when you do

This is the owner and creator of @kimmie.treats 

Her salsa is so addicting and she offers a variety like mild, spicy, black bean salsa, seasonal mango salsa, fresh guacamole and lets not forget her brownies (baby) 

You can find her treats at @thenorthstarmarket or she will deliver to you in the LA area

Check her out and make sure you include her in your next party because she does offer party sizes 

@thenorthstarmarket 
@kimmie.treats 
#supportsmallbusiness 
#supportblackownedbusinesses 
#salsa
#brownies
#guacamole 
#sosweet
@bgdb_la","4","1350","1080","https://instagram.ftgu2-2.fna.fbcdn.net/v/t51.2885-15/274819168_647762923167462_4755051259768245290_n.jpg?stp=dst-jpg_e35_p1080x1080&_nc_ht=instagram.ftgu2-2.fna.fbcdn.net&_nc_cat=106&_nc_ohc=cFSXNEvjKasAX9JJLkG&edm=ABZsPhsBAAAA&ccb=7-4&oh=00_AT-SJB9Moq28VOtIS9gseikMn18_NMSM_0KFJQ-nvDzvLA&oe=6221ABF5&_nc_sid=4efc9f","","owner didnt open","supportsmallbusiness","supportblackownedbusinesses","salsa","brownies","guacamole","sosweet",,,,,,,,,,,,,,,,,,,,,,,,,"2783022937595669638","2",,,"kimmie.treats","thenorthstarmarket","bgdb_la",,,,,"3306426971",,"19",,"brownies","CafSJ3dJ2yG","2022-02-27T17:16:48.000Z","Sidecar","https://www.instagram.com/p/CafSJ3dJ2yG/",
"Photo by Day Quero Maaais in Cidade de Ourinhos - SP with @1_dosmotta, and @dayacarvalhoo. May be an image of cake.","Brownie no pote 😍

Ninho com Nutella 
Ferrero 

Difícil escolher um só!

Disponível hoje na nossa pronta entrega,  garanta já o seu! 😊

#brownienopote #brownie #brigadeiro #ninhocomnutella #ferrero","0","1350","1080","https://scontent-waw1-1.cdninstagram.com/v/t51.2885-15/274860693_360331452627499_4730807087696832208_n.webp?stp=dst-jpg_e35_p1080x1080&_nc_ht=scontent-waw1-1.cdninstagram.com&_nc_cat=107&_nc_ohc=5TUFpKLocncAX85dXtC&edm=ABZsPhsBAAAA&ccb=7-4&oh=00_AT-M6xAQOX0YdH5OOH7PGX8omuuNkWJxx15iycmNvcdWcQ&oe=62237E84&_nc_sid=4efc9f","","owner didnt open","brownienopote","brownie","brigadeiro","ninhocomnutella","ferrero",,,,,,,,,,,,,,,,,,,,,,,,,,"2782336696161367094","15",,,,,,,,,,"46581097589",,"20",,"brownienopote","Cac2HvUO3Q2","2022-02-26T18:33:22.000Z","Image","https://www.instagram.com/p/Cac2HvUO3Q2/",
"Photo by Marcela Alves Confeitaria🧁 in Carlos Chagas, Minas Gerais, Brazil. May be an image of dessert.","Sobremesa 1 litro para seu domingo 😍😸
•Serve até 06 pessoas

Peça já a sua 📲

Levamos até você 🛵

#sobremesanatravessa #sobremesagelada #brownies #docegelado #maaconfeitaria #confeiteira #domingodoce #docenopote","0","750","750","https://instagram.ftgu2-2.fna.fbcdn.net/v/t51.2885-15/274833350_483679349802912_1733665479614366263_n.webp?stp=dst-jpg_e35&_nc_ht=instagram.ftgu2-2.fna.fbcdn.net&_nc_cat=100&_nc_ohc=wNKnZC52IrIAX9giwwp&edm=ABZsPhsBAAAA&ccb=7-4&oh=00_AT_Kdix_hhJUteSPs2qt-MwEzYkROXbobHuEHA1BdlkkVA&oe=62230585&_nc_sid=4efc9f","","owner didnt open","sobremesanatravessa","sobremesagelada","brownies","docegelado","maaconfeitaria","confeiteira","domingodoce","docenopote",,,,,,,,,,,,,,,,,,,,,,,"2783022878792657549","0",,,,,,,,,,"31493886405",,"20",,"brownies","CafSJAsOKqN","2022-02-27T17:16:41.000Z","Image","https://www.instagram.com/p/CafSJAsOKqN/",
"Photo by Kopenhagen_campogrande on February 27, 2022. May be an image of wrist watch and text that says 'KOP/INFORMA 12 2 3 8 6 2 + 5 FERIADO CARNAVAL Horário de Funcionamento Loja SHOPPING CAMPO GRANDE Horário Normal do Shopping Loja 2- Euclides da Cunha Seg e Ter Das 15/ Mopenhagen CAMPRDE CAMPO'.","ATENÇÃO ao Horário de Funcionamento no período de Carnaval! Não fique sem suas delícias! 😃🍬🍫
.
▶️ Faça seu pedido pelo delivery! ✴️Chame no WhatsApp 📲 67. 98122. 8627 😉😊 A gente leva para você! 🛵 Se preferir, peça pelo APP BEMARKET , link na Bio. 😉🍫🍬
.
#koplovers #cafekopenhagen #coffelovers  #chocolate #chocolateaoleite #petitwafer #chocolatra #amochocolate #chocolovers #omelhordecg #chocolateskopenhagen","0","750","750","https://instagram.fmga5-1.fna.fbcdn.net/v/t51.2885-15/274738071_1032920887570672_6248762554294994446_n.jpg?stp=dst-jpg_e15&_nc_ht=instagram.fmga5-1.fna.fbcdn.net&_nc_cat=104&_nc_ohc=0z_PITHQ8oMAX8KpldL&edm=ABZsPhsBAAAA&ccb=7-4&oh=00_AT-GyBEu6PZ7-qzPp5iwwotucTvzq2dxcnmxy2ZCveOVSw&oe=6221B90C&_nc_sid=4efc9f","","owner didnt open","koplovers","cafekopenhagen","coffelovers","chocolate","chocolateaoleite","petitwafer","chocolatra","amochocolate","chocolovers","omelhordecg","chocolateskopenhagen",,,,,,,,,,,,,,,,,,,,"2782984391716002374","4",,,,,,,,,,"4909572453",,"1",,"chocolatra","CafJY8zsFpG","2022-02-27T16:00:13.000Z","Image","https://www.instagram.com/p/CafJY8zsFpG/",
"Photo by MeninaRoseDocesGourmet on February 27, 2022. May be an image of cake.","Bom domingo 😉

Bicho de pé com detalhe  de chocolate ao leite 😋

📲Para fazer pedido é só clicar no link que está aqui no perfil e falar conosco através do Whatsapp! Vamos adorar adoçar os momentos da sua vida. 😉

#MeninaRose  #cake #chocolatudo  #bichodepe #brigadeiro #nesquik  #morango #chocolateaoleite #brigadeirosalvador  #docesalvador #docedeleite #chocolatebranco  #chocolatra  #chocolate #Brigadeirosgourmet #queijocomgoiabada #confeitariacriativa #cakedesign  #cakedecoration #nakecake  #BoloCake #Salvador #bolosalvador  #confeitariaartesanal  #festainfantilsalvador #bolodeaniversário","1","1349","1080","https://instagram.fmga5-1.fna.fbcdn.net/v/t51.2885-15/274741144_4798646043581946_1295419943689933130_n.webp?stp=dst-jpg_e35_p1080x1080&_nc_ht=instagram.fmga5-1.fna.fbcdn.net&_nc_cat=106&_nc_ohc=ps16aa5cifYAX-s3mAN&edm=ABZsPhsBAAAA&ccb=7-4&oh=00_AT9tbJFzpFAJzo4La07QYMtb7T_H_T8JxsccE8Yz05k6LQ&oe=6222CEEF&_nc_sid=4efc9f","","owner didnt open","MeninaRose","cake","chocolatudo","bichodepe","brigadeiro","nesquik","morango","chocolateaoleite","brigadeirosalvador","docesalvador","docedeleite","chocolatebranco","chocolatra","chocolate","Brigadeirosgourmet","queijocomgoiabada","confeitariacriativa","cakedesign","cakedecoration","nakecake","BoloCake","Salvador","bolosalvador","confeitariaartesanal","festainfantilsalvador","bolodeaniversário",,,,,"2782967437919530838","13",,,,,,,,,,"2216172265",,"2",,"chocolatra","CafFiPWrC9W","2022-02-27T15:26:32.000Z","Image","https://www.instagram.com/p/CafFiPWrC9W/",
"Photo by LaBalaria in Vitória da Conquista. May be an image of food and text that says 'Milka CHOCO LATE É TUDO DE BOM! L Labalaria Doces Importados'.","Adoce seu CARNAVAL 💜💜💜 Peça agora seu Milka 💜💜💜 #milka #chocolate #chocolatelovers #chocolatelover #chocolates #chocolatudo#labalaria #chocolatra #chocoholic #vitoriadaconquista #vdc","0","1300","1080","https://instagram.fmga5-1.fna.fbcdn.net/v/t51.2885-15/274755049_3150200898536100_6024638735265774162_n.jpg?stp=dst-jpg_e35_p1080x1080&_nc_ht=instagram.fmga5-1.fna.fbcdn.net&_nc_cat=100&_nc_ohc=ZXjQQ8AR-LcAX-weXI7&edm=ABZsPhsBAAAA&ccb=7-4&oh=00_AT_PMqtfo2Qm8vuBmP7jHELfuR7lsWzKkJVcJUzw-kJMoQ&oe=62236B94&_nc_sid=4efc9f","","owner didnt open","milka","chocolate","chocolatelovers","chocolatelover","chocolates","chocolatudo","labalaria","chocolatra","chocoholic","vitoriadaconquista","vdc",,,,,,,,,,,,,,,,,,,,"2782961619924950238","22",,,,,,,,,,"51282104481",,"3",,"chocolatra","CafENk7LBze","2022-02-27T15:14:59.000Z","Image","https://www.instagram.com/p/CafENk7LBze/",
"Photo by Marcia Melhado on February 27, 2022. May be an image of standing and indoor.","Noivo ama Video game 
#gamer 
#futebol 
#pes2022 
#playstation5 
Noiva chocolatra 
#chocolate 
Me chama no wats para orçamentos , preço especial de feriado hoje 
19-97121-4823
#chocolatra 
#amopet","0","750","750","https://instagram.fmga5-1.fna.fbcdn.net/v/t51.2885-15/274891703_364756755275673_2036526276128820603_n.jpg?stp=dst-jpg_e15&_nc_ht=instagram.fmga5-1.fna.fbcdn.net&_nc_cat=109&_nc_ohc=SG5w5xlsLT4AX9ehbbM&edm=ABZsPhsBAAAA&ccb=7-4&oh=00_AT_xfGiTvhyJDR-59pQtHDr06fZ9xR57IuzKVgmiGbDLcA&oe=62239AFB&_nc_sid=4efc9f","","owner didnt open","gamer","futebol","pes2022","playstation5","chocolate","chocolatra","amopet",,,,,,,,,,,,,,,,,,,,,,,,"2782948309478220126","2",,,,,,,,,,"4245330248",,"4",,"chocolatra","CafBL4muSFe","2022-02-27T14:48:32.000Z","Image","https://www.instagram.com/p/CafBL4muSFe/",
"Photo by Dolce Fabi in Cachoeira Paulista. May be an image of text that says 'A época mais doce do ano está chegando... aguardem!!! @fabidolce Doloe'.","Alguém mais ansioso pelas delícias de Páscoa?!

🐇🥕🐇🥕🐇🥕🐇🥕🐇🥕🐇🥕🐇🥕
🐰🐰🐰🐰🐰🐰🐰🐰🐰🐰🐰🐰🐰🐰

#páscoa
#pascoa2022
#ovosdepascoa
#produtoartesanal
#feitoamao
#amochocolate
#chocolatra
#empreendedorismo 
#chocolate","1","1080","1080","https://instagram.fmga5-1.fna.fbcdn.net/v/t51.2885-15/274853620_508971487498963_780253625356062828_n.webp?stp=dst-jpg_e35&_nc_ht=instagram.fmga5-1.fna.fbcdn.net&_nc_cat=107&_nc_ohc=ubJ82qAxcBEAX8KN52h&edm=ABZsPhsBAAAA&ccb=7-4&oh=00_AT8mO2IXmAyBbd6XK51Wa9kOZyg-Hc41L0vTVGjIli3zuw&oe=62227400&_nc_sid=4efc9f","","owner didnt open","páscoa","pascoa2022","ovosdepascoa","produtoartesanal","feitoamao","amochocolate","chocolatra","empreendedorismo","chocolate",,,,,,,,,,,,,,,,,,,,,,"2782927893032359769","13",,,,,,,,,,"34236265724",,"5",,"chocolatra","Cae8iyTuFdZ","2022-02-27T14:07:58.000Z","Image","https://www.instagram.com/p/Cae8iyTuFdZ/",
"Photo by Revendedora Cacau Show 🍫🍬 on February 27, 2022.","Ovo de páscoa de 7 Kg? A Cacau Show tem.😋","1","1350","1080","https://instagram.fmga5-1.fna.fbcdn.net/v/t51.2885-15/274833349_788951765321325_1619645571132618702_n.webp?stp=dst-jpg_e35&_nc_ht=instagram.fmga5-1.fna.fbcdn.net&_nc_cat=109&_nc_ohc=_6vIsma1iR0AX_G8FcJ&edm=ABZsPhsBAAAA&ccb=7-4&oh=00_AT95JFBwMKyxldNpoXwSaWxcRJcZ8mrJjOIeSRWGv53zSg&oe=6221A418&_nc_sid=4efc9f","","owner didnt open",,,,,,,,,,,,,,,,,,,,,,,,,,,,,,,"2782896068691489585","3",,,,,,,,,,"40916882950",,"6",,"chocolatra","Cae1TrlL_Mx","2022-02-27T13:04:44.000Z","Image","https://www.instagram.com/p/Cae1TrlL_Mx/",
"Photo by Ateliê P&G Doceria in Goiânia, Goiás, Brasil. May be an image of cake.","Manhã de domingo combina com???? 
Sobremesa de domingo combina com????

Me conta nos comentários com o quê sua manhã de domingo combina, ou qual a sua sobremesa favorita... Rsrs 
Vou responder todo mundo viu!!!

E se você quer um bolo caseiro delicioso na sua mesa, corre e me chama no #linknabio👆
Estou ansiosa para lhe atender. 

Lembrando que nossos caseirinhos são a partir de R$ 25,00. Corra e garanta o seu!!!

#bolodechocolate #bolostambémsãopresentes #bolosedoces #bolocaseiro #maravilhoso #chocolatecake #chocolate #chocolatra #brigadeiro #aguanaboca #omelhordomundo #omelhordegoias #omelhordegoiania #pesquisa #instagram #instafood","0","1350","1080","https://instagram.fmga5-1.fna.fbcdn.net/v/t51.2885-15/274796254_339548038107947_6644326692864410677_n.webp?stp=dst-jpg_e35&_nc_ht=instagram.fmga5-1.fna.fbcdn.net&_nc_cat=111&_nc_ohc=QUdGWTb-nEYAX-yAI40&edm=ABZsPhsBAAAA&ccb=7-4&oh=00_AT_jpbB0Q_QqGTYYXNx_ym5ozOkyUPcCs5DV1O_4h-fS4w&oe=6221D593&_nc_sid=4efc9f","","owner didnt open","linknabio👆","bolodechocolate","bolostambémsãopresentes","bolosedoces","bolocaseiro","maravilhoso","chocolatecake","chocolate","chocolatra","brigadeiro","aguanaboca","omelhordomundo","omelhordegoias","omelhordegoiania","pesquisa","instagram","instafood",,,,,,,,,,,,,,"2782895027035928797","7",,,,,,,,,,"22575283326",,"7",,"chocolatra","Cae1EhdrXjd","2022-02-27T13:02:40.000Z","Image","https://www.instagram.com/p/Cae1EhdrXjd/",
"Photo by ChocolArtes Doceria on February 27, 2022. May be an image of cake and text.","A nossa deliciosa taça de pavê de paçoca está cada vez mais maravilhosa 😍

Peça já a sua:
📲 (12) 99166-8949

#chocolartes #chocolate #confeitariaartesanal #amorpeloquefaco #chocolatra","0","1080","1080","https://instagram.fmga5-1.fna.fbcdn.net/v/t51.2885-15/274742973_705369343793286_8047040695131504289_n.jpg?stp=dst-jpg_e35&_nc_ht=instagram.fmga5-1.fna.fbcdn.net&_nc_cat=106&_nc_ohc=2oFqps3xLXwAX97PVxr&edm=ABZsPhsBAAAA&ccb=7-4&oh=00_AT8FvUNK2f8i6yCEx1q0dG5WlqJsc_rsew49f3_CnGeINw&oe=62226628&_nc_sid=4efc9f","","owner didnt open","chocolartes","chocolate","confeitariaartesanal","amorpeloquefaco","chocolatra",,,,,,,,,,,,,,,,,,,,,,,,,,"2782894853283773492","12",,,,,,,,,,"562685550",,"8",,"chocolatra","Cae1B_pPfw0","2022-02-27T13:02:20.000Z","Image","https://www.instagram.com/p/Cae1B_pPfw0/",
"Photo by Paixão de Brigadeiro on February 27, 2022. May be an image of dessert.","""Tem vida que a gente escolhe
E tem vida que escolhe a gente"" 💖
Brigadeiro, ninho com Nutella e Moranguinho no tema batizado 👼

#confeitariaartesanal #brigadeirogourmet #brigadeiro #docesgourmet #docespersonalizados #batizado #chocolatra #empreendedorismo","0","1080","1080","https://instagram.fmga5-1.fna.fbcdn.net/v/t51.2885-15/274910865_448833280313615_5244599701158328982_n.webp?stp=dst-jpg_e35_s1080x1080&_nc_ht=instagram.fmga5-1.fna.fbcdn.net&_nc_cat=111&_nc_ohc=2ms-k0ddIxwAX93N6re&edm=ABZsPhsBAAAA&ccb=7-4&oh=00_AT8Er1q3F5MxrSuDVP2-i8CQH_Jk11SZmcMI2NJ4uV2qgQ&oe=62232C6F&_nc_sid=4efc9f","","owner didnt open","confeitariaartesanal","brigadeirogourmet","brigadeiro","docesgourmet","docespersonalizados","batizado","chocolatra","empreendedorismo",,,,,,,,,,,,,,,,,,,,,,,"2782883096255111199","47",,,,,,,,,,"6225619385",,"9",,"chocolatra","CaeyW6DuaAf","2022-02-27T12:38:58.000Z","Sidecar","https://www.instagram.com/p/CaeyW6DuaAf/",
"Photo by Andreia Camargo on February 27, 2022. May be an image of dessert.","Como diz minha amiga Nati, “valorizem essa foto”, porque me desafiei pra fazer essa sobremesa 😋

Testada e super aprovada, fiz um reels para mostrar o passo a passo, uma ótima opção para a Páscoa, porque é uma mistura perfeita de brigadeiro de chocolate belga com brigadeiro branco! 🍫

Além de linda, essa sobremesa fica uma delícia !!! Maravilhosa 😋

#sobremesa #doces #brigadeiro #brigadeirogourmet #brigadeirobranco #inspiração #pascoa2022  #pascoa #chocolate #chocolovers #chocolatra","13","1350","1080","https://instagram.fmga5-1.fna.fbcdn.net/v/t51.2885-15/274888330_689397658742366_3986025217558144259_n.jpg?stp=dst-jpg_e35_p1080x1080&_nc_ht=instagram.fmga5-1.fna.fbcdn.net&_nc_cat=102&_nc_ohc=-f57KFQH7CcAX_AgIZn&edm=ABZsPhsBAAAA&ccb=7-4&oh=00_AT-lixPHqs9nVd5G0InKsMbH5oFS9W0vBSzdMKZIVLXb2g&oe=62237864&_nc_sid=4efc9f","","owner didnt open","sobremesa","doces","brigadeiro","brigadeirogourmet","brigadeirobranco","inspiração","pascoa2022","pascoa","chocolate","chocolovers","chocolatra",,,,,,,,,,,,,,,,,,,,"2782872497156575364","734",,,,,,,,,,"8598430117",,"10",,"chocolatra","Caev8q4ONCE","2022-02-27T12:17:55.000Z","Sidecar","https://www.instagram.com/p/Caev8q4ONCE/",
"Photo by BoaZ Doçaria Artesanal on February 27, 2022. May be an image of dessert and text that says 'NINGUÉM VAI ENTENDER, Mas DEUS... Vai mudar tua... 女 HISTÓRIA! BoaZ'.","Ahh a Páscoa...

O mês de Março está logo ali...

Creia que será muito melhor! 

#confeitariaartesanal #miniovosdecolher. #ovosdepascoa #pascoa2022 #chocolatudo🍫 #chocolatra #chocolarte #ninho #nutella #explorepage #exploremore","0","1350","1080","https://instagram.fmga5-1.fna.fbcdn.net/v/t51.2885-15/274853593_457929022734635_1216398347039860829_n.webp?stp=dst-jpg_e35&_nc_ht=instagram.fmga5-1.fna.fbcdn.net&_nc_cat=111&_nc_ohc=3nw0-xQabxIAX8HD6Te&edm=ABZsPhsBAAAA&ccb=7-4&oh=00_AT-n_OOgH0Kbm4IkBLITvj2oZ56GkNZDlOTFMRY_vQQbrQ&oe=62226FC3&_nc_sid=4efc9f","","owner didnt open","confeitariaartesanal","miniovosdecolher.","ovosdepascoa","pascoa2022","chocolatudo🍫","chocolatra","chocolarte","ninho","nutella","explorepage","exploremore",,,,,,,,,,,,,,,,,,,,"2782864564712729128","4",,,,,,,,,,"51379213135",,"11",,"chocolatra","CaeuJPNuWoo","2022-02-27T12:02:09.000Z","Image","https://www.instagram.com/p/CaeuJPNuWoo/",
"Photo by Ophélie Boulay on February 27, 2022. May be an image of dessert and indoor.","Expérience 24**
.
.
Mousse au chocolat maison avec le livre de recette inratable de ma mamie 👵 
.
.
Recette différente avec de la crème fraîche épaisse montée en chantilly ! Résultat un peu décevant car trop écœurant 🤷‍♀️ 
Changement de crème pour la prochaine 💪 
.
.
Meringue maison pour la déco et petit chamalow rose 🍬 
.
.
#gourmandisesucrée #pattiserie #chocolatra #mousseauchocolat #meringues #chamalow","0","1350","1080","https://instagram.fmga5-1.fna.fbcdn.net/v/t51.2885-15/274821644_1363839274051199_7908857743862235167_n.jpg?stp=dst-jpg_e35_p1080x1080&_nc_ht=instagram.fmga5-1.fna.fbcdn.net&_nc_cat=111&_nc_ohc=fC9IxzyiA4AAX8inzeb&edm=ABZsPhsBAAAA&ccb=7-4&oh=00_AT-5vyY7rlIW6gcsG8k5dNMxDntVRn13UTGUvqAmRXYUUw&oe=62221A5A&_nc_sid=4efc9f","","owner didnt open","gourmandisesucrée","pattiserie","chocolatra","mousseauchocolat","meringues","chamalow",,,,,,,,,,,,,,,,,,,,,,,,,"2782820135774231612","15",,,,,,,,,,"40399482781",,"12",,"chocolatra","CaekCtioJw8","2022-02-27T10:33:53.000Z","Image","https://www.instagram.com/p/CaekCtioJw8/",
"Photo by Kahina Gueye on February 26, 2022. May be an image of dessert.","#petitfours#minitart#framboises#chocolate#chocolatra#citronmeringué#buffetinfantil#fiestacumpleaños#cumpleañosfeliz🎂#tartechocolat#tartecitronmeringuée#

Feliz cumple a Jenna y gracias por tu confianza","17","809","1080","https://instagram.fmga5-1.fna.fbcdn.net/v/t51.2885-15/274800352_694218191605113_6094073530174547139_n.jpg?stp=dst-jpg_e35_s1080x1080&_nc_ht=instagram.fmga5-1.fna.fbcdn.net&_nc_cat=109&_nc_ohc=0Epu94puKpgAX8DYSj0&edm=ABZsPhsBAAAA&ccb=7-4&oh=00_AT_aazRqyX2RSDUkhYaUJegcJppCwQPd8VFk-FD6H_2GUQ&oe=62233D2B&_nc_sid=4efc9f","","owner didnt open","petitfours","minitart","framboises","chocolate","chocolatra","citronmeringué","buffetinfantil","fiestacumpleaños","cumpleañosfeliz🎂","tartechocolat","tartecitronmeringuée",,,,,,,,,,,,,,,,,,,,"2782507941606134543","39",,,,,,,,,,"11147258323",,"13",,"chocolatra","CaddDsEIxMP","2022-02-27T00:13:36.000Z","Image","https://www.instagram.com/p/CaddDsEIxMP/",
"Photo by Cakes da Syl on February 26, 2022. May be an image of cake.","Ganache cake 
Trufado com ninho 

#cake #ganachecake #chocolatra #chocolatudo","1","1080","1080","https://instagram.fmga5-1.fna.fbcdn.net/v/t51.2885-15/274746112_629049898398488_6301489667445991313_n.webp?stp=dst-jpg_e35&_nc_ht=instagram.fmga5-1.fna.fbcdn.net&_nc_cat=108&_nc_ohc=JyDzAXRSh24AX8xOtNE&edm=ABZsPhsBAAAA&ccb=7-4&oh=00_AT-Q1sbYwh6Y4Med8KJmh3PKW5T64mJu3mG_bqxpL_iABg&oe=62231CF7&_nc_sid=4efc9f","","owner didnt open","cake","ganachecake","chocolatra","chocolatudo",,,,,,,,,,,,,,,,,,,,,,,,,,,"2782464141252016835","9",,,,,,,,,,"46027817605",,"14",,"chocolatra","CadTGTzlrrD","2022-02-26T22:46:35.000Z","Image","https://www.instagram.com/p/CadTGTzlrrD/",
"Photo by Brigadeiros da Lú on February 26, 2022. May be an image of cake.","Brigadeiros da Lú
Deliciosos brigadeiros gourmet
Escolha seu sabor e se delicie com nossas gordices
#brigadeiros #brigadeirobelga #docesgourmet #chocolatelover #confeitariaartesanal #chocolatra #cozinha #confeitariacomamor","3","810","1080","https://instagram.fmga5-1.fna.fbcdn.net/v/t51.2885-15/274732009_143309544832690_7682355898383098569_n.webp?stp=dst-jpg_e35&_nc_ht=instagram.fmga5-1.fna.fbcdn.net&_nc_cat=110&_nc_ohc=62Dfrc58ry0AX8pWhAX&edm=ABZsPhsBAAAA&ccb=7-4&oh=00_AT-kOULp4tqSv8skleKml5PJepLkAjiPs8TsdcAkXcjXxw&oe=6221D1FE&_nc_sid=4efc9f","","owner didnt open","brigadeiros","brigadeirobelga","docesgourmet","chocolatelover","confeitariaartesanal","chocolatra","cozinha","confeitariacomamor",,,,,,,,,,,,,,,,,,,,,,,"2782452434732888892","25",,,,,,,,,,"1661290521",,"15",,"chocolatra","CadQb9QrLM8","2022-02-26T22:23:19.000Z","Image","https://www.instagram.com/p/CadQb9QrLM8/",
"Photo by Cacau Show Sonora MS on February 26, 2022. May be an image of food.","Meia casca de ovo marmorizada de chocolate ao leite e chocolate branco, bombons de chocolate branco com recheio de licor de Amarula e uma garrafinha com 50ml de licor de Amarula. O sabor da África combinado com chocolate..
#cacaushowbrasil 
#cacaushow🍫 
#chocolateria 
#cafeteria 
#coffee 
#chocolatra 
#presentescriativos","0","1080","1080","https://instagram.fmga5-1.fna.fbcdn.net/v/t51.2885-15/274870833_354820549855977_937634337972443850_n.jpg?stp=dst-jpg_e35&_nc_ht=instagram.fmga5-1.fna.fbcdn.net&_nc_cat=109&_nc_ohc=Wm0g04PmD1QAX_Z9dJt&edm=ABZsPhsBAAAA&ccb=7-4&oh=00_AT8zt7mu7MXdyVpugJ1RgwRLDjb4P_jmNXFhdTfSOcVqhw&oe=6222C960&_nc_sid=4efc9f","","owner didnt open","cacaushowbrasil","cacaushow🍫","chocolateria","cafeteria","coffee","chocolatra","presentescriativos",,,,,,,,,,,,,,,,,,,,,,,,"2782432044116574183","15",,,,,,,,,,"48969716552",,"16",,"chocolatra","CadLzPBO3_n","2022-02-26T21:42:48.000Z","Sidecar","https://www.instagram.com/p/CadLzPBO3_n/",
"Photo by Canto Doce Brigadeiros on February 26, 2022. May be an image of cake and text that says 'Canto Doce .brigadeiros. ALGUNS DOS NOSSOS SABORES! BEIJINHO TRADICIONAL CONFETE NINHO'.","Em breve o melhor do #brigadeiro pode estar perto do seu trabalho na hora do almoço, já pensou? #brigadeirolovers #chocolatra #sampa","0","762","1080","https://instagram.fmga5-1.fna.fbcdn.net/v/t51.2885-15/274815694_640163183733887_6429670203199621528_n.webp?stp=dst-jpg_e35_s1080x1080&_nc_ht=instagram.fmga5-1.fna.fbcdn.net&_nc_cat=111&_nc_ohc=5GDXDO8PFKIAX-x1M5r&edm=ABZsPhsBAAAA&ccb=7-4&oh=00_AT_BDPBbgm01vQzR4CzgyJ1VQ42WBw0qcVcBSJFQeE9XgQ&oe=6222394D&_nc_sid=4efc9f","","owner didnt open","brigadeiro","brigadeirolovers","chocolatra","sampa",,,,,,,,,,,,,,,,,,,,,,,,,,,"2782429180010816132","4",,,,,,,,,,"52185808437",,"17",,"chocolatra","CadLJjnOeKE","2022-02-26T21:37:07.000Z","Image","https://www.instagram.com/p/CadLJjnOeKE/",
"Photo by TTHIAGO PELONIA in Shopping Leblon with @shoppingleblon, @chefsplateform_, @chefstablebrasil, @chefstablenetflix, @brasseriemimolette, @chefsexcellentplates, and @brazilianchefs. May be an image of food and indoor.","Entremet com mousse de chocolate branco, beijinho de coco, biscuit amandes e Laranja 🍊 @brasseriemimolette 
.
.
📸@yasmimalves
.
.
.
.

#entremet #chocolate #laranja #amandes #ouro sobremesaprimeiro #confeitaria #patisserie #patissier #chocolat #chocolatra  #glacagemiroir #moussedechocolate #crumble #amendoas #brasseriemimolette #likе #chefstalk #brazilianchefs #chefstalk #follow #biscuitjoconde #color #chefsexcellentplates #cacau #instafood #thiagopelonia  @brazilianchefs @chefstalk @chefsexcellentplates #foodporn @chefs_ofamerica","13","1080","1080","https://instagram.fmga5-1.fna.fbcdn.net/v/t51.2885-15/274737211_287712783432263_140849069241151593_n.webp?stp=dst-jpg_e35&_nc_ht=instagram.fmga5-1.fna.fbcdn.net&_nc_cat=111&_nc_ohc=HOGJMynqJyAAX9Ec5Ia&edm=ABZsPhsBAAAA&ccb=7-4&oh=00_AT_gfLXBdcdewK12RI9MdRXuoF6NXSAmfhCS8jdIUhj6oA&oe=622393EC&_nc_sid=4efc9f","","owner didnt open","entremet","chocolate","laranja","amandes","ouro","confeitaria","patisserie","patissier","chocolat","chocolatra","glacagemiroir","moussedechocolate","crumble","amendoas","brasseriemimolette","likе","chefstalk","brazilianchefs","follow","biscuitjoconde","color","chefsexcellentplates","cacau","instafood","thiagopelonia","foodporn",,,,,"2782394416352651219","54",,,"brasseriemimolette","yasmimalves","brazilianchefs","chefstalk","chefsexcellentplates","chefs_ofamerica",,"308818614",,"18",,"chocolatra","CadDPrbuufT","2022-02-26T20:28:03.000Z","Image","https://www.instagram.com/p/CadDPrbuufT/",
"Photo by Receitas Gourmet on February 26, 2022. May be an image of cake and indoor.","A Páscoa já tá chegando!

Você vai perder a chance de aprender deliciosas receitas, e faturar uma Renda Extra!? 🤑

Clica no link, lá na Bio! 👆🏻
.
.
.

#pascoa2022 #receitasgourmet #receitas #chocolate #chocolatra 
#chocolovers #pessoas #crianças #cursosonline #rendaextra #empreendedorismo 
#donadecasa #confeitaria 
#confeitariaartesanal #gourmet","0","750","750","https://instagram.fmga5-1.fna.fbcdn.net/v/t51.2885-15/274777685_500771504719485_7443602518808855388_n.webp?stp=dst-jpg_e35&_nc_ht=instagram.fmga5-1.fna.fbcdn.net&_nc_cat=109&_nc_ohc=_B3hX4MiM7YAX8wrToL&edm=ABZsPhsBAAAA&ccb=7-4&oh=00_AT-4q84lJotJABhQS2ht_dS2oFeHH0t5vlvBEPz4AYoQ0Q&oe=622218E2&_nc_sid=4efc9f","","owner didnt open","pascoa2022","receitasgourmet","receitas","chocolate","chocolatra","chocolovers","pessoas","crianças","cursosonline","rendaextra","empreendedorismo","donadecasa","confeitaria","confeitariaartesanal","gourmet",,,,,,,,,,,,,,,,"2782379948470006425","5",,,,,,,,,,"51766695373",,"19",,"chocolatra","Cac_9JKuXKZ","2022-02-26T19:59:18.000Z","Image","https://www.instagram.com/p/Cac_9JKuXKZ/",
"Photo by Gabriel Arêas in Guadalupe, Rio De Janeiro, Brazil. May be an image of cake.","🎉É carnaval por aqui também! 🎉
Esse bolo maravilhoso trazendo a energia deliciosa do carnaval nele. E não é só a energia que deliciosa não! Por dentro temos massa de baunilha com aquele recheio de coco maravilhoso e blindagem de ganache de chocolate ao leite. Decoração em pasta americana. Totalmente comestível!

Já garantiu o seu? Não?! Chama lá no nosso WhatsApp 21 96980-4919

Segue lá:
Facebook.com/gabrielareascake

#bolomeu #aceitoencomendas #cake #ilovecake #cakelove #carnaval #carnavaldorio #glitter #serpentina #confete #red #yellow #party #baunilha #coco #chocolover #chocolate #chocolatra #guadalupe #zonanorte #cakedesigner #gabrielareascake","1","1080","1080","https://instagram.fmga5-1.fna.fbcdn.net/v/t51.2885-15/274848038_1000351547354780_6607353088018321285_n.webp?stp=dst-jpg_e35_s1080x1080&_nc_ht=instagram.fmga5-1.fna.fbcdn.net&_nc_cat=108&_nc_ohc=57sKs0x4YDUAX9K0Xyy&edm=ABZsPhsBAAAA&ccb=7-4&oh=00_AT-wtk_TQbgTYDkZPqYicS7R9IbkLsdQSlavN6FVCou69w&oe=62228BEC&_nc_sid=4efc9f","","owner didnt open","bolomeu","aceitoencomendas","cake","ilovecake","cakelove","carnaval","carnavaldorio","glitter","serpentina","confete","red","yellow","party","baunilha","coco","chocolover","chocolate","chocolatra","guadalupe","zonanorte","cakedesigner","gabrielareascake",,,,,,,,,"2782361467694324130","18",,,,,,,,,,"6737983081",,"20",,"chocolatra","Cac7wNmp5mi","2022-02-26T19:22:35.000Z","Image","https://www.instagram.com/p/Cac7wNmp5mi/",
